tt2057441	Mujhse Fraaandship Karoge	Saqib Saleem, Saba Azaad, Nishant Dahiya, Tara D'Souza	Nupur Asthana	5	0	10/14/2011	Comedy, Drama, Romance	7.0	
tt1926313	Pyaar Ka Punchnama	Kartik Aaryan, Raayo S. Bakhirta, Ranjit Batra, Nushrat Bharucha	Luv Ranjan	5	0	5/20/2011	Comedy, Drama, Romance	7.8	
tt1694542	Tanu Weds Manu	Madhavan, Kangana Ranaut, Jimmy Shergill, Deepak Dobriyal	Aanand Rai	5	1	2/25/2011	Comedy, Drama, Romance	6.6	
tt1734110	No One Killed Jessica	Rani Mukerji, Vidya Balan, Myra Karn, Neil Bhoopalam	Raj Kumar Gupta	5	0	1/7/2011	Biography, Crime, Drama	7.2	
tt1562872	Zindagi Na Milegi Dobara	Katrina Kaif, Hrithik Roshan, Naseeruddin Shah, Farhan Akhtar	Zoya Akhtar	3	5	7/15/2011	Adventure, Comedy, Drama	8.1	
tt1618430	Dum Maaro Dum	Abhishek Bachchan, Bipasha Basu, Rana Daggubati, Prateik	Rohan Sippy	5	3	11/6/2011	Action, Crime, Drama	6.2	
tt1754920	Yeh Saali Zindagi	Irrfan Khan, Chitrangda Singh, Arunoday Singh, Aditi Rao Hydari	Sudhir Mishra	5	0	2/4/2011	Crime, Drama, Thriller	7.5	
tt0016417	Thank You	Alec B. Francis, Jacqueline Logan, George O'Brien, J. Farrell MacDonald	John Ford	3	5	4/8/2011	Comedy, Drama	3.6	
tt1839596	Rockstar	Ranbir Kapoor, Nargis Fakhri, Shammi Kapoor, Kumud Mishra	Imtiaz Ali	3	6	11/11/2011	Music, Musical	7.6	
tt1729637	Bodyguard	Salman Khan, Kareena Kapoor, Raj Babbar, Asrani	Siddique	5	6	8/31/2011	Action, Romance	4.5	
tt1562871	Ra.One	Shah Rukh Khan, Arjun Rampal, Kareena Kapoor, Shahana Goswami	Anubhav Sinha	3	13	10/26/2011	Action, Adventure, Sci-Fi	4.8	
tt2181931	English Vinglish	Sridevi, Adil Hussain, Mehdi Nebbou, Priya Anand	Gauri Shinde	5	1	10/5/2012	Comedy, Drama, Family	7.9	
tt2317337	Vicky Donor	Ayushmann Khurrana, Yami Gautam, Annu Kapoor, Dolly Ahluwalia	Shoojit Sircar	5	0	4/20/2012	Comedy, Romance	7.8	
tt2402131	Kismet Love Paisa Dilli	Vivek Oberoi, Mallika Sherawat, Neha Dhupia, Anshuman Jha	Sanjay M. Khanduri	5	1	10/5/2012	Adventure, Comedy, Crime	4.3	
tt1954470	Gangs of Wasseypur	Manoj Bajpayee, Richa Chadha, Nawazuddin Siddiqui, Tigmanshu Dhulia	Anurag Kashyap	1	0	8/8/2012	Action, Crime, Drama	8.3	
tt2168910	Cocktail	Deepika Padukone, Tina Desai, Randeep Hooda, Saif Ali Khan	Homi Adajania	5	3	7/12/2012	Comedy, Drama, Romance	6.2	
tt2178508	Son of Sardaar	Ajay Devgn, Sanjay Dutt, Sonakshi Sinha, Juhi Chawla	Ashwani Dhir, Anil Devgan	1	3	11/13/2012	Action, Comedy, Romance	4.0	
tt2172071	Student of the Year	Sidharth Malhotra, Alia Bhatt, Varun Dhawan, Rishi Kapoor	Karan Johar	5	5	10/19/2012	Comedy, Romance	5.5	
tt2438764	Rajjo	Kangana Ranaut, Prakash Raj, Mahesh Manjrekar, Paras Arora	Vishwas Patil	1	1	11/15/2013	Drama, Romance	3.8	
tt3059106	Satya 2	Puneet Singh Ratn, Sharvanand, Anaika Soti, Mahesh Thakur	Ram Gopal Varma	5	1	11/8/2013	Crime	5.9	
tt2796318	Mickey Virus	Manish Paul, Dean Alexandrou, Elli Avram, Varun Badola	Saurabh Varma	5	1	10/25/2013	Comedy, Thriller	6.1	
tt2350496	The Lunchbox	Irrfan Khan, Nimrat Kaur, Nawazuddin Siddiqui, Lillete Dubey	Ritesh Batra	5	2	9/20/2013	Drama, Romance	7.8	
tt2633826	Mumbai Mirror	Sudesh Berry, Raja Bherwani, Rajendra Chawla, Sachiin Joshi	Ankush Bhatt	1	3	1/18/2013	Crime, Thriller	5.6	
tt2229842	Table No. 21	Paresh Raval, Rajeev Khandelwal, Tina Desai, Dhruv Ganesh	Aditya Datt	5	1	1/4/2013	Adventure, Thriller	7.1	
tt2171454	Zila Ghaziabad	Vivek Oberoi, Sanjay Dutt, Arshad Warsi, Paresh Rawal	Anand Kumar	5	3	2/22/2013	Action, Crime, Thriller	3.5	
tt2199711	Vishwaroopam	Kamal Haasan, Rahul Bose, Shekhar Kapur, Pooja Kumar	Kamal Haasan	5	9	2/7/2013	Action, Adventure, Crime	8.7	
tt2106537	Matru ki Bijlee ka Mandola	Imran Khan, Anushka Sharma, Pankaj Kapur, Lekha Washington	Vishal Bhardwaj	3	4	1/11/2013	Comedy, Drama	5.8	
tt2066062	Shortcut Romeo	Neil Nitin Mukesh, Ameesha Patel, Puja Gupta, Jatin Grewal	Susi Ganesan	5	1	4/4/2013	Action, Crime, Romance	2.4	
tt2229848	Chashme Baddoor	Ali Zafar, Siddharth, Divyendu Sharma, Tapsee Pannu	David Dhawan	5	2	4/5/2013	Comedy, Drama	5.4	
tt2988272	Shuddh Desi Romance	Sushant Singh Rajput, Parineeti Chopra, Vaani Kapoor, Rishi Kapoor	Maneesh Sharma	5	2	9/13/2013	Comedy, Drama, Romance	5.8	
tt2213054	Kai po che!	Rajkummar Rao, Sushant Singh Rajput, Amit Sadh, Asif Basra	Abhishek Kapoor	5	3	2/13/2013	Drama, Sport	7.7	
tt2356180	Bhaag Milkha Bhaag	Farhan Akhtar, Sonam Kapoor, Pavan Malhotra, Art Malik	Rakeysh Omprakash Mehra	1	3	7/12/2013	Action, Biography, Drama	8.3	
tt2855648	Madras Cafe	Nargis Fakhri, John Abraham, Prakash Belawadi, Rashi Khanna	Shoojit Sircar	5	3	8/23/2013	Action, Drama, History	7.8	
tt2429640	Murder 3	Randeep Hooda, Aditi Rao Hydari, Sara Loren, Rajesh Shringarpore	Vishesh Bhatt	5	1	2/15/2013	Thriller	4.8	
tt2476154	Grand Masti	Riteish Deshmukh, Vivek Oberoi, Aftab Shivdasani, Suresh Menon	Indra Kumar	5	3	9/13/2013	Comedy, Drama, Romance	4.3	
tt2275794	Gori Tere Pyaar Mein	Imran Khan, Kareena Kapoor, Nizhalgal Ravi, Anupam Kher	Punit Malhotra	5	3	11/22/2013	Comedy, Romance	5.0	
tt2369154	R... Rajkumar	Shahid Kapoor, Sonakshi Sinha, Sonu Sood, Ashish Vidyarthi	Prabhudheva	5	4	12/6/2013	Action, Comedy, Romance	5.1	
tt2615584	Phata Poster Nikhla Hero	Shahid Kapoor, Ileana, Padmini Kolhapure, Mukesh Tiwari	Rajkumar Santoshi	5	4	9/20/2013	Action, Comedy	4.9	
tt2359810	Raanjhanaa	Dhanush, Sonam Kapoor, Mohammed Zeeshan Ayyub, Swara Bhaskar	Aanand Rai	5	3	6/21/2013	Drama, Romance	7.6	
tt2246724	Ghanchakkar	Emraan Hashmi, Vidya Balan, Parvin Dabas, Rajesh Sharma	Raj Kumar Gupta	5	3	6/28/2013	Comedy, Crime, Thriller	5.7	
tt2406676	Ek Thi Daayan	Emraan Hashmi, Konkona Sen Sharma, Kalki Koechlin, Huma Qureshi	Kannan Iyer	1	2	4/19/2013	Horror, Romance, Thriller	5.7	
tt2621000	Jolly LLB	Arshad Warsi, Amrita Rao, Boman Irani, Saurabh Shukla	Subhash Kapoor	5	1	3/15/2013	Action, Comedy, Drama	7.2	
tt3129282	War Chhod Na Yaar	Sharman Joshi, Soha Ali Khan, Javed Jaffrey, Sanjay Mishra	Faraz Haider	5	1	10/11/2013	Comedy, War	5.6	
tt2357489	Zanjeer	Priyanka Chopra, Sanjay Dutt, Ram Charan, Prakash Raj	Apoorva Lakhia	5	10	9/6/2013	Action, Thriller	3.2	
tt2861320	Policegiri	Sanjay Dutt, Prachi Desai, Prakash Raj, Om Puri	K.S. Ravikumar	5	2	7/5/2013	Action, Comedy, Drama	4.1	
tt2344678	Himmatwala	Ajay Devgn, Tamannaah Bhatia, Paresh Rawal, Mahesh Manjrekar	Sajid Khan	5	6	3/29/2013	Action, Comedy	1.8	
tt2215477	Goliyon Ki Rasleela Ram-Leela	Deepika Padukone, Ranveer Singh, Supriya Pathak, Sharad Kelkar	Sanjay Leela Bhansali	5	8	11/15/2013	Drama, Musical, Romance	6.3	
tt2224317	Lootera	Ranveer Singh, Sonakshi Sinha, Barun Chanda, Adil Hussain	Vikramaditya Motwane	5	2	7/5/2013	Drama, Romance	7.4	
tt2804026	Aurangzeb	Arjun Kapoor, Prithviraj Sukumaran, Jackie Shroff, Rishi Kapoor	Atul Sabharwal	5	2	5/17/2013	Action, Drama, Thriller	6.6	
tt2301155	Shootout at Wadala	John Abraham, Kangana Ranaut, Anil Kapoor, Vineet Sharma	Sanjay Gupta	3	4	5/3/2013	Action, Crime, Horror	5.8	
tt2551378	Bullett Raja	Saif Ali Khan, Jimmy Shergill, Vidyut Jamwal, Sonakshi Sinha	Tigmanshu Dhulia	5	5	11/29/2013	Action, Crime, Drama	5.1	
tt1375789	Race 2	Anil Kapoor, Saif Ali Khan, John Abraham, Deepika Padukone	Abbas Alibhai Burmawalla, Mastan Alibhai Burmawalla	5	6	1/25/2013	Action, Crime, Thriller	5.3	
tt2385104	D-Day	Rishi Kapoor, Irrfan Khan, Arjun Rampal, Shruti Haasan	Nikkhil Advani	3	3	7/19/2013	Action, Thriller	7.3	
tt2362778	Saheb Biwi Aur Gangster Returns	Raj Babbar, Mahie Gill, Mugdha Godse, Rajiv Gupta	Tigmanshu Dhulia	5	1	3/8/2013	Action, Crime, Drama	6.9	
tt2178470	Yeh Jawaani Hai Deewani	Ranbir Kapoor, Deepika Padukone, Aditya Roy Kapoor, Kalki Koechlin	Ayan Mukherjee	3	5	5/31/2013	Comedy, Drama, Musical	6.9	
tt1833673	Dhoom:3	Aamir Khan, Katrina Kaif, Tabrett Bethell, Abhishek Bachchan	Vijay Krishna Acharya	3	17	12/20/2013	Action, Crime, Thriller	5.5	
tt1986040	Ishkq in Paris	Preity Zinta, Isabelle Adjani, Gaurav Chanana, Fanny Carbonnel	Prem Soni	5	1	5/24/2013	Comedy, Romance	4.2	
tt2112124	Chennai Express	Deepika Padukone, Shah Rukh Khan, Satyaraj, Nikitin Dheer	Rohit Shetty	5	11	8/9/2013	Action, Comedy, Romance	5.9	
tt3415692	Mahabharat	Amitabh Bachchan, Ajay Devgn, Vidya Balan, Sunny Deol	Amaan Khan	5	5	12/25/2013	Animation, Action	5.6	
tt2275802	Satyagraha	Kareena Kapoor, Amitabh Bachchan, Ajay Devgn, Arjun Rampal	Prakash Jha	3	5	8/30/2013	Drama	6.0	
tt1029231	Krrish 3	Priyanka Chopra, Hrithik Roshan, Amitabh Bachchan, Naseeruddin Shah	Rakesh Roshan	3	9	11/1/2013	Action, Romance, Sci-Fi	5.4	
tt0243356	Kaun Kitney Pani Mein	Mahendra Sandhu, Danny Denzongpa, Arti Gupta, Shakti Kapoor	Shibu Mitra	1	2	8/28/2014	N/A	N/A	
tt3469244	Phantom	Saif Ali Khan, Katrina Kaif, Sabyasachi Chakraborty, Rajesh Tailang	Kabir Khan	5	5	8/28/2014	Action, Drama, Thriller	5.6	
tt2767712	Badlapur Boys	Annu Kapoor, Anupam Maanav, Saranya Mohan, Nishan	Shailesh Verma	5	2	12/12/2014	Drama	5.5	
tt4228746	Zid	Mannara, Karanvir Sharma, Shradha Das, Denzil Smith	Vivek Agnihotri	5	1	11/28/2014	Crime, Thriller	4.4	
tt2392447	Ungli	Emraan Hashmi, Kangana Ranaut, Sanjay Dutt, Randeep Hooda	Renzil D'Silva	5	1	11/28/2014	Comedy, Drama, Thriller	5.8	
tt3501994	Hawaa Hawaai	Makrand Deshpande, Partho A. Gupte, Devraya Gole, Neha Joshi	Amole Gupte	5	1	5/9/2014	Drama, Family, Sport	7.5	
tt3514330	Youngistaan	Jackky Bhagnani, Neha Sharma, Farooq Shaikh, Boman Irani	Syed Ahmad Afzal	5	6	3/28/2014	Drama	5.3	
tt3303416	Ya Rab	Indrapal Ahuja, Neha Baam, Vikram Dahiya, Rakesh Deewana	Hasnain Hyderabadwala	5	2	2/7/2014	Drama	6.4	
tt3001638	Mary Kom	Robin Das, Priyanka Chopra, Zachary Coffin, Shubham Gaur	Omung Kumar	5	1	9/5/2014	Biography, Drama, Sport	6.8	
tt3359290	Bobby Jasoos	Vidya Balan, Ali Fazal, Mahima A, Abhishek C	Samar Shaikh	5	1	7/4/2014	Comedy, Drama, Thriller	5.5	
tt3382148	Yaariyan	Himansh Kohli, Vivek Bhatnagar, Nicole Faria, Gulshan Grover	Divya Khosla	5	1	1/10/2014	Drama, Romance	2.7	
tt3142232	Heropanti	Tiger Shroff, Kriti Sanon, Parth Akerkar, Anuradha Chandan	Sabir Khan	5	2	5/23/2014	Action, Romance	5.6	
tt4168188	Chaar Sahibzaade	Om Puri	Harry Baweja	5	2	11/6/2014	Animation, History	8.7	
tt3619772	Hate Story 2	Sushant Singh, Surveen Chawla, Jay Bhanushali, Siddharth Kher	Vishal Pandya	5	1	7/18/2014	Drama, Thriller	4.5	
tt3322420	Queen	Kangana Ranaut, Rajkummar Rao, Lisa Haydon, Jeffrey Ho	Vikas Bahl	5	1	2/27/2014	Adventure, Comedy, Drama	8.4	
tt3173910	Hasee Toh Phasee	Aariyan Gupta, Adah Sharma, Amita Udgata, Anshikaa Shrivastava	Vinil Matthew	5	2	2/7/2014	Comedy, Romance	6.9	
tt3554418	Khoobsurat	Sonam Kapoor, Fawad Khan, Ratna Pathak, Kiron Kher	Shashanka Ghosh	5	2	9/19/2014	Comedy, Romance	6.4	
tt3175038	Ek Villain	Sidharth Malhotra, Riteish Deshmukh, Shraddha Kapoor, Shaad Randhawa	Mohit Suri	5	3	6/27/2014	Action, Crime, Drama	6.4	
tt3495000	Mardaani	Rani Mukerji, Tahir Raj Bhasin, Mona Ambegaonkar, Gautam Babbar	Pradeep Sarkar	5	1	8/22/2014	Action, Drama, Thriller	7.4	
tt2980794	Highway	Alia Bhatt, Randeep Hooda, Durgesh Kumar, Arjun Malhotra	Imtiaz Ali	5	3	2/21/2014	Adventure, Drama, Romance	7.6	
tt2905838	Bang Bang	Hrithik Roshan, Katrina Kaif, Pavan Malhotra, Danny Denzongpa	Siddharth Anand	3	1	10/2/2014	Action, Adventure, Comedy	5.5	
tt1239276	Colours of Passion	Randeep Hooda, Nandana Sen, Paresh Rawal, Ashish Vidyarthi	Ketan Mehta	5	1	11/7/2014	Biography, Drama, History	7.2	
tt3678938	Humpty Sharma Ki Dulhania	Varun Dhawan, Alia Bhatt, Sidharth Shukla, Ashutosh Rana	Shashank Khaitan	5	2	7/11/2014	Comedy, Drama, Romance	6.0	
tt2762334	Main Tera Hero	Salman Khan, Nargis Fakhri, Varun Dhawan, Anupam Kher	David Dhawan	5	4	4/4/2014	Action, Comedy, Romance	5.3	
tt2978626	Entertainment	Akshay Kumar, Tamannaah Bhatia, Johnny Lever, Prakash Raj	Farhad, Sajid	5	7	8/8/2014	Action, Comedy	4.8	
tt2556308	Holiday	Akshay Kumar, Sonakshi Sinha, Freddy Daruwala, Sumeet Raghvan	A.R. Murugadoss	3	5	6/6/2014	Action, Drama, Mystery	7.5	
tt3398052	Daawat-e-Ishq	Aditya Roy Kapoor, Parineeti Chopra, Anupam Kher, Karan Wahi	Habib Faisal	5	2	9/19/2014	Comedy, Drama, Romance	6.2	
tt3483712	Raja Natwarlal	Mohammed Zeeshan Ayyub, Tarun Dudeja, Emraan Hashmi, Narendra Jetley	Kunal Deshmukh	5	3	8/29/2014	Drama, Thriller	6.1	
tt2675978	Dedh Ishqiya	Naseeruddin Shah, Madhuri Dixit, Arshad Warsi, Huma Qureshi	Abhishek Chaubey	3	1	1/10/2014	Comedy, Drama, Romance	7.3	
tt0403935	Action Jackson	Ajay Devgn, Shahid Kapoor, Prabhas, Sonakshi Sinha	Prabhudheva	5	1	12/5/2014	Action, Comedy, Drama	3.3	
tt2309764	Singham Returns	Kareena Kapoor, Ajay Devgn, Anupam Kher, Yo Yo Honey Singh	Rohit Shetty	5	11	8/15/2014	Action, Drama	5.7	
tt3380264	Kill Dil	Ranveer Singh, Ali Zafar, Parineeti Chopra, Govinda	Shaad Ali	5	3	12/14/2014	Action, Crime, Drama	4.5	
tt3142688	Finding Fanny	Deepika Padukone, Arjun Kapoor, Naseeruddin Shah, Dimple Kapadia	Homi Adajania	5	1	9/12/2014	Comedy, Drama, Romance	5.9	
tt2372678	2 States	Arjun Kapoor, Alia Bhatt, Amrita Singh, Revathy	Abhishek Varman	5	3	4/18/2014	Comedy, Drama, Romance	7.1	
tt3017412	Happy Ending	Saif Ali Khan, Ileana, Kalki Koechlin, Ranvir Shorey	Krishna D.K., Raj Nidimoru	5	5	11/21/2014	Comedy, Romance	5.5	
tt3036740	Humshakals	Saif Ali Khan, Riteish Deshmukh, Ram Kapoor, Bipasha Basu	Sajid Khan	3	7	6/20/2014	Comedy	1.8	
tt3390572	Haider	Tabu, Shahid Kapoor, Shraddha Kapoor, Kay Kay Menon	Vishal Bhardwaj	3	2	10/2/2014	Action, Crime, Drama	8.3	
tt3645014	The Xpose	Himesh Reshammiya, Yo Yo Honey Singh, Irrfan Khan, Zoya Afroz	Ananth Narayan Mahadevan	5	1	5/16/2014	Thriller	3.3	
tt2574698	Gunday	Ranveer Singh, Arjun Kapoor, Priyanka Chopra, Irrfan Khan	Ali Abbas Zafar	3	5	2/14/2014	Action, Crime, Drama	2.0	
tt2338151	PK	Aamir Khan, Anushka Sharma, Sanjay Dutt, Boman Irani	Rajkumar Hirani	3	8	12/19/2014	Comedy, Drama, Romance	8.3	
tt2372222	Kick	Salman Khan, Jacqueline Fernandez, Nawazuddin Siddiqui, Randeep Hooda	Sajid Nadiadwala	5	14	7/25/2014	Action, Comedy, Romance	5.5	
tt1188982	Jai Ho	Salman Khan, Tabu, Sunil Shetty, Genelia D'Souza	Sohail Khan	5	6	1/24/2014	Action, Drama	5.5	
tt2461132	Happy New Year	Shah Rukh Khan, Deepika Padukone, Abhishek Bachchan, Anurag Kashyap	Farah Khan	5	15	10/23/2014	Action, Comedy, Crime	5.4	
tt3531852	Bhoothnath Returns	Amitabh Bachchan, Boman Irani, Parth Bhalerao, Sanjay Mishra	Nitesh Tiwari	3	2	4/11/2014	Comedy, Drama, Fantasy	6.9	
tt3742284	Nh10	Anushka Sharma, Ravi Beniwal, Siddharth Bharadwaj, Neil Bhoopalam	Navdeep Singh	5	1	3/13/2015	Action, Crime, Drama	7.2	
tt4107858	MSG: The Messenger	Saint Gurmeet Ram Rahim Singh Ji Insan, Daniel Kaleb, Fllora Saini, Jayshree Soni	Jeetu Arora, Saint Gurmeet Ram Rahim Singh Ji Insan	1	5	2/13/2015	Action, Comedy, Drama	5.9	
tt3547616	All Is Well	Rishi Kapoor, Abhishek Bachchan, Asin, Supriya Pathak	Umesh Shukla	5	2	8/21/2015	Comedy, Drama, Romance	3.9	
tt3483612	Hamari Adhuri Kahaani	Emraan Hashmi, Vidya Balan, Zachary Coffin, Rajkummar Rao	Mohit Suri	5	3	6/12/2015	Drama	6.6	
tt4500734	Ek Paheli Leela	Sunny Leone, Rahul Dev, Mohit Ahlawat, Jay Bhanushali	Bobby Khan	5	1	4/10/2015	Mystery, Romance, Thriller	3.8	
tt4271730	Alone	Bipasha Basu, Karan Singh Grover, Sulabha Arya, Zakir Hussain	Bhushan Patel	5	1	1/16/2015	Horror	3.7	
tt3159708	Welcome Back	Anil Kapoor, Nana Patekar, Dimple Kapadia, John Abraham	Anees Bazmee	3	8	9/4/2015	Action, Comedy, Crime	4.2	
tt4535650	Dilwale	Shah Rukh Khan, Kajol, Varun Dhawan, Kriti Sanon	Rohit Shetty	3	10	12/18/2015	Action, Comedy, Crime	5.4	
tt3735246	Bajirao Mastani	Priyanka Chopra, Irrfan Khan, Deepika Padukone, Ranveer Singh	Sanjay Leela Bhansali	3	12	12/18/2015	Drama, History, Romance	7.2	
tt4865436	Hate Story 3	Sharman Joshi, Zarine Khan, Karan Singh Grover, Daisy Shah	Vishal Pandya	5	1	12/4/2015	Drama, Thriller	4.4	
tt3148502	Tamasha	Deepika Padukone, Ranbir Kapoor, Piyush Mishra, Javed Sheikh	Imtiaz Ali	5	6	11/27/2015	Comedy, Drama, Romance	7.2	
tt4501576	Dirty Politics	Anupam Kher, Atul Kulkarni, Awadhesh Mishra, Govind Namdeo	K.C. Bokadia	5	7	3/6/2015	Drama	2.7	
tt4355892	Mumbai Can Dance Saalaa	Shakti Kapoor, Prashant Narayanan, Aditya Pancholi, Rakhi Sawant	Sachindra Sharma	5	3	1/2/2015	Drama	3.2	
tt3595298	Prem Ratan Dhan Payo	Salman Khan, Sonam Kapoor, Anupam Kher, Neil Nitin Mukesh	Sooraj R. Barjatya	3	11	11/12/2015	Action, Drama, Musical	4.9	
tt4024944	Main Aur Charles	Richa Chadha, Tisca Chopra, Dijana Dejanovic, Vinayak Dubey	Prawaal Raman	5	6	10/30/2015	Action, Biography, Crime	6.3	
tt4354740	Dharam Sankat Mein	Naseeruddin Shah, Paresh Rawal, Annu Kapoor, Auritra Ghosh	Fuwad Khan	5	1	4/10/2015	Comedy	6.2	
tt4007558	Shaandaar	Shahid Kapoor, Alia Bhatt, Pankaj Kapur, Sanjay Kapoor	Vikas Bahl	5	13	10/22/2015	Comedy, Drama, Romance	3.6	
tt4323504	Jazbaa	Aishwarya Rai Bachchan, Irrfan Khan, Shabana Azmi, Jackie Shroff	Sanjay Gupta	5	3	10/9/2015	Action, Crime, Drama	5.8	
tt3696192	Singh Is Bliing	Akshay Kumar, Sunny Leone, Amy Jackson, Lara Dutta	Prabhudheva	5	9	10/2/2015	Action, Comedy, Drama	5.5	
tt4897908	Calendar Girls	Akanksha Puri, Avani Modi, Kyra Dutt, Ruhi Singh	Madhur Bhandarkar	1	9	9/25/2015	Drama	4.0	
tt4302956	Kis Kisko Pyaar Karu	Kapil Sharma, Simran Kaur Mundi, Manjari Phadnis, Sai Lokur	Abbas Alibhai Burmawalla, Mastan Alibhai Burmawalla	5	1	9/25/2015	Comedy, Romance	6.0	
tt3619710	Bhaag Johnny	Kunal Khemu, Zoa Morani, Mandana Karimi, Manasi Scott	Shivam Nair	5	2	9/25/2015	Action, Thriller	5.1	
tt2631186	Baahubali: The Beginning	Prabhas, Rana Daggubati, Anushka Shetty, Tamannaah Bhatia	S.S. Rajamouli	3	25	7/10/2015	Action, Adventure, Drama	8.5	
tt2820852	Furious 7	Vin Diesel, Paul Walker, Jason Statham, Michelle Rodriguez	James Wan	5	1	4/3/2015	Action, Crime, Thriller	7.3	
tt3948240	Second Hand Husband	Dharmendra, Sanjay Mishra, Vijay Raaz, Gippy Grewal	Smeep Kang, Smeep Kang	5	1	7/3/2015	Comedy	4.0	
tt3742284	Nh10	Anushka Sharma, Ravi Beniwal, Siddharth Bharadwaj, Neil Bhoopalam	Navdeep Singh	5	1	3/13/2015	Action, Crime, Drama	7.2	
tt4332114	Dolly Ki Doli	Malaika Arora, Mohammed Zeeshan Ayyub, Karim Hajee, Sonam Kapoor	Abhishek Dogra	5	2	1/23/2015	Comedy, Romance	4.6	
tt3422462	Bangistan	Jacqueline Fernandez, Zachary Coffin, Riteish Deshmukh, Pulkit Samrat	Karan Anshuman	5	2	8/7/2015	Comedy	4.5	
tt4272420	Kuch Kuch Locha Hai	Ram Kapoor, Sunny Leone, Evelyn Sharma, Navdeep Chhabra	Devang Dholakia	5	1	5/8/2015	Comedy, Drama	2.7	
tt2140465	Tanu Weds Manu Returns	Madhavan, Kangana Ranaut, Jimmy Shergill, Swara Bhaskar	Aanand Rai	5	3	5/22/2015	Comedy, Drama, Romance	7.8	
tt3447364	Detective Byomkesh Bakshy!	Sushant Singh Rajput, Anand Tiwari, Divya Menon, Swastika Mukherjee	Dibakar Banerjee	5	3	4/3/2015	Action, Mystery, Thriller	7.8	
tt4338154	Hawaizaada	Naman Jain, Mithun Chakraborty, Krutika Deo, Jeffrey Goldberg	Vibhu Puri	5	2	1/30/2015	Biography, Drama, Fantasy	5.7	
tt2202086	Ab Tak Chhappan 2	Mohan Agashe, Bobby Bedi, Vikram Gokhale, Aniruddh Harip	Ejaz Gulab	1	1	2/27/2015	Action, Crime	5.8	
tt3679000	Any Body Can Dance 2	Shraddha Kapoor, Varun Dhawan, Lauren Gottlieb, Elicia Stokes Navarro	Remo	3	6	6/19/2015	Musical	5.6	
tt2424988	Gabbar is Back	Akshay Kumar, Shruti Haasan, Sunil Grover, Kareena Kapoor	Krish Jagarlamudi	5	7	5/1/2015	Action, Crime, Drama	7.3	
tt2345634	Episode dated 23 March 2004	Javier Sardà, Alexia Pardo	N/A	5	1	3/6/2015	Comedy, Talk-Show	N/A	
tt3802576	Brothers	Akshay Kumar, Jackie Shroff, Sidharth Malhotra, Jacqueline Fernandez	Karan Malhotra	3	8	8/14/2015	Action, Drama, Sport	6.8	
tt3848892	Baby	Danny Denzongpa, Rana Daggubati, Akshay Kumar, Tapsee Pannu	Neeraj Pandey	3	5	1/23/2015	Action, Crime, Thriller	8.2	
tt4684028	Guddu Rangeela	Arshad Warsi, Amit Sadh, Ronit Roy, Aditi Rao Hydari	Subhash Kapoor	5	1	7/3/2015	Comedy, Drama	5.3	
tt3495030	Dum Laga Ke Haisha	Ayushmann Khurrana, Sanjay Mishra, Bhumi Pednekar, Kumar Sanu	Sharat Katariya	5	1	2/27/2015	Comedy, Drama, Romance	7.5	
tt4430212	Drishyam	Ajay Devgn, Shriya Saran, Tabu, Rajat Kapoor	Nishikant Kamat	3	6	7/31/2015	Drama, Mystery, Thriller	8.7	
tt3678782	Badlapur	Radhika Apte, Nawazuddin Siddiqui, Varun Dhawan, Yami Gautam	Sriram Raghavan	5	2	2/20/2015	Action, Crime, Drama	7.5	
tt3398048	Tevar	Arjun Kapoor, Sonakshi Sinha, Manoj Bajpayee, Deepti Naval	Amit Sharma	3	4	1/9/2015	Action, Drama, Romance	4.1	
tt4110568	Dil Dhadakne Do	Anil Kapoor, Shefali Shetty, Priyanka Chopra, Ranveer Singh	Zoya Akhtar	3	8	6/5/2015	Drama, Family, Romance	6.8	
tt2976182	Roy	Ranbir Kapoor, Jacqueline Fernandez, Arjun Rampal, Barun Chanda	Vikramjit Singh	5	4	2/11/2015	Action, Drama, Romance	3.2	
tt2979920	Bombay Velvet	Ranbir Kapoor, Anushka Sharma, Karan Johar, Satyadeep Misra	Anurag Kashyap	5	12	5/15/2015	Crime, Drama, Thriller	5.8	
tt3863552	Bajrangi Bhaijaan	Salman Khan, Kareena Kapoor, Nawazuddin Siddiqui, Harshaali Malhotra	Kabir Khan	3	9	7/17/2015	Action, Comedy, Drama	8.1	
tt3767372	Piku	Amitabh Bachchan, Deepika Padukone, Irrfan Khan, Moushumi Chatterjee	Shoojit Sircar	5	4	5/8/2015	Comedy, Drama	7.6	
tt3836958	Shamitabh	Amitabh Bachchan, Dhanush, Akshara Haasan, Abhinaya	R. Balki	3	2	2/6/2015	Comedy, Drama, Thriller	6.9	
