Yaariyan	4159
Khoobsurat	10973
Second Hand Husband	2198
The Lunchbox	3899
Singh Is Bliing	6816
Highway	8640
Kill Dil	7045
BADLAPUR BOYS	375
Tanu Weds Manu Returns	23861
Shortcut Romeo	718
Bombay Velvet	9673
Phata Poster Nikla Hero	9570
Ab Tak Chhappan 2	236
Vicky Donor	3376
Rockstar	200
Daawat-e-Ishq	7084
Satya 2	17
Lootera	3768
Gangs of Wasseypur	3428
Kis Kisko Pyaar Karoon	30029
Drishyam	16629
ABCD 2	35262
Hey Bro	1590
Entertainment	17965
Bhaag Johnny	4203
Jolly LLB	357
Kuch Kuch Locha Hai	6270
Bhaag Milkha Bhaag	5606
Rajjo	537
SHAMITABH	11082
No One Killed Jessica	899
HOLIDAY	260
Kismet Love Paisa Dilli	106
Finding Fanny	10382
Happy Ending	5912
Ek Paheli Leela	18049
Shaandaar	42050
Main Aur Charles	4633
Pyaar Ka Panchnama	565
DHOOM:3	51115
The Xpose Movie	528
Mumbai Mirror	38
Phantom	13522
Table No. 21	11
Bhoothnath Returns	10202
Tevar	9734
Saheb Biwi Aur Gangster Returns	864
Satyagraha	2370
Son Of Sardaar	5243
Yeh saali Zindagi	3
Vishwaroop	253
English Vinglish	6101
Queen	5626
Kai Po Che	5301
Himmatwala	0
Race 2	11298
Chaar Sahibzaade	8372
Mahabharat	213
Singham Returns	17320
Dedh Ishqiya	1866
Welcome Back	20219
Baahubali	27870
Dil Dhadakne Do	5025
RA.One	1206
Zindagi Na Milegi Dobara	850
Grand Masti	4025
Goliyon Ki Raasleela Ram-leela	18209
D-Day	1693
Guddu Rangeela	2529
Zid	160
Dolly Ki Doli	5047
PK	39610
BOBBY JASOOS	3306
Gunday	5603
Raanjhanaa	11956
Ungli	6493
Jazbaa	17232
Thank You	570
Tamasha	45137
Humpty Sharma Ki Dulhania	12962
Chennai Express	7988
Shootout At Wadala	948
BABY	27379
PIKU	18207
NH10	14390
Mumbai Can Dance Saalaa	0
Main Tera Hero	10986
Detective Byomkesh Bakshy	8749
Hamari Adhuri Kahani	22212
HUMSHAKALS    RELEASING JUNE 2014 - 	0
Chashme Baddoor	2758
Shuddh Desi Romance	4673
Student Of The Year	4508
Bajirao Mastani	44937
All Is Well	13182
Happy New Year	27814
Dum Laga Ke Haisha	8096
R...Rajkumar	57421
Mujhse Fraaandship Karoge	40
Ishkq In Paris	412
Alone	16370
Policegiri	1497
Hasee Toh Phasee	5570
Hate Story 2	10703
Ya Rab	677
Roy	15899
Mardaani	13731
Brothers	56461
Matru Ki Bijlee Ka Mandola	140
MICKEY VIRUS	405
Prem Ratan Dhan Payo	57298
War Chhod Na Yaar	722
Kick	91696
BULLET RAJA	16
Mary Kom	11
Madras Cafe	2594
Calendar Girls	942
Tanu Weds Manu	27
Ek Villain	13655
Ghanchakkar	4516
Bangistan	5054
Gabbar Is Back	22868
Hawaizaada	8081
Ek Thi Daayan	2757
BANG BANG	55693
2 States	24705
Aurangzeb	2740
Dharam Sankat Mein	2387
NH10	14390
Yeh Jawaani Hai Deewani	13551
Raja Natwarlal	7074
Youngistaan	110
Kaun Kitne Paani Mein	1215
Hate Story 3	37095
ZILA GHAZIABAD	1156
Dirty Politics	1254
Rang Rasiya	621
Haider	21465
Dilwale	127159
Action Jackson	15977
Badlapur	10127
